Site,Plot,Name,Point,Original_Name,Code,Easting,Northing,Elevation,Description,Longitude,Latitude,Ellipsoidal height,Origin,Easting RMS,Northing RMS,Elevation RMS,Lateral RMS,Antenna height,Antenna height units,Solution status,Averaging start,Averaging end,Samples,PDOP,Base easting,Base northing,Base elevation,Base longitude,Base latitude,Base ellipsoidal height,Baseline,CS name,Notes
T,ES,TES,a,,,,,,plot,,,,,,,,,,,,,,,,,,,,,,,,could not find marker
T,ES,TES,b,TES2,,,,,plot,-105.5823025,40.05008906,3402.833,Global,0.01,0.01,0.01,0.014,1.934,m,FIX,2023-09-29 08:44:32.4 UTC-06:00,2023-09-29 08:44:32.4 UTC-06:00,1,1.1,,,,-105.5822951,40.04991788,3401.371,19.329,Global CS,
T,ES,TES,c,TES3,,,,,plot,-105.5822644,40.04972959,3394.995,Global,0.01,0.01,0.012,0.014,1.934,m,FIX,2023-09-29 08:48:38.0 UTC-06:00,2023-09-29 08:48:38.0 UTC-06:00,1,1.1,,,,-105.5822951,40.04991788,3401.371,21.544,Global CS,
T,ES,TES,d,TES4,,,,,plot,-105.5821551,40.04975918,3395.031,Global,0.01,0.01,0.012,0.014,1.934,m,FIX,2023-09-29 08:48:47.8 UTC-06:00,2023-09-29 08:48:47.8 UTC-06:00,1,1.4,,,,-105.5822951,40.04991788,3401.371,21.753,Global CS,
T,ES,TEST1,top,TEST1_top,,,,,transect,-105.5823961,40.05006379,3403.358,Global,0.01,0.01,0.012,0.014,1.934,m,FIX,2023-09-29 08:44:01.8 UTC-06:00,2023-09-29 08:44:01.8 UTC-06:00,1,1.2,,,,-105.5822951,40.04991788,3401.371,18.777,Global CS,
T,ES,TEST2,top,TEST2_top,,,,,transect,-105.5823732,40.05007,3402.943,Global,0.01,0.01,0.01,0.014,1.934,m,FIX,2023-09-29 08:44:18.6 UTC-06:00,2023-09-29 08:44:18.6 UTC-06:00,1,1.4,,,,-105.5822951,40.04991788,3401.371,18.503,Global CS,
T,ES,TEST1,bottom,TEST1,,,,,transect,-105.5822479,40.04973287,3394.754,Global,0.01,0.01,0.012,0.014,1.934,m,FIX,2023-09-29 08:49:07.6 UTC-06:00,2023-09-29 08:49:07.6 UTC-06:00,1,1.5,,,,-105.5822951,40.04991788,3401.371,21.462,Global CS,
T,ES,TEST2,bottom,TEST2,,,,,transect,-105.5822267,40.04973928,3394.716,Global,0.01,0.01,0.017,0.014,1.934,m,FIX,2023-09-29 08:49:12.6 UTC-06:00,2023-09-29 08:49:12.6 UTC-06:00,1,1.2,,,,-105.5822951,40.04991788,3401.371,21.216,Global CS,
T,ES,TES_soil,8,TES_soil4,,,,,soil,-105.5822426,40.04980643,3396.531,Global,0.01,0.01,0.011,0.014,1.934,m,FIX,2023-09-29 08:49:35.2 UTC-06:00,2023-09-29 08:49:35.2 UTC-06:00,1,1.2,,,,-105.5822951,40.04991788,3401.371,13.483,Global CS,
T,ES,TES_soil,7,TES_soil3,,,,,soil,-105.5822856,40.04988434,3398.607,Global,0.01,0.01,0.011,0.014,1.934,m,FIX,2023-09-29 08:49:51.4 UTC-06:00,2023-09-29 08:49:51.4 UTC-06:00,1,1.3,,,,-105.5822951,40.04991788,3401.371,3.903,Global CS,
T,ES,TES_soil,6,TES_soil2,,,,,soil,-105.5823117,40.04994918,3399.735,Global,0.01,0.01,0.01,0.014,1.934,m,FIX,2023-09-29 08:50:06.8 UTC-06:00,2023-09-29 08:50:06.8 UTC-06:00,1,1.2,,,,-105.5822951,40.04991788,3401.371,3.768,Global CS,
T,ES,TES_soil,5,TES_soil1,,,,,soil,-105.5823374,40.05002149,3401.075,Global,0.01,0.01,0.01,0.014,1.934,m,FIX,2023-09-29 08:50:30.2 UTC-06:00,2023-09-29 08:50:30.2 UTC-06:00,1,1.2,,,,-105.5822951,40.04991788,3401.371,12.175,Global CS,
T,ES,TESS1,a,TESS1_a,,,,,subplot,-105.5823906,40.05003507,3402.19,Global,0.01,0.01,0.01,0.014,1.934,m,FIX,2023-09-29 08:44:57.6 UTC-06:00,2023-09-29 08:44:57.6 UTC-06:00,1,1.2,,,,-105.5822951,40.04991788,3401.371,15.606,Global CS,
T,ES,TESS1,b,TESS1_a1,,,,,subplot,-105.5823855,40.05003748,3402.108,Global,0.01,0.01,0.011,0.014,1.934,m,FIX,2023-09-29 08:45:00.6 UTC-06:00,2023-09-29 08:45:00.6 UTC-06:00,1,1.2,,,,-105.5822951,40.04991788,3401.371,15.598,Global CS,
T,ES,TESS1,c,TESS1_a2,,,,,subplot,-105.5823871,40.05002661,3401.877,Global,0.01,0.01,0.017,0.014,1.934,m,FIX,2023-09-29 08:45:05.0 UTC-06:00,2023-09-29 08:45:05.0 UTC-06:00,1,1.3,,,,-105.5822951,40.04991788,3401.371,14.613,Global CS,
T,ES,TESS1,d,TESS1_a3,,,,,subplot,-105.5823814,40.05002824,3401.759,Global,0.01,0.01,0.01,0.014,1.934,m,FIX,2023-09-29 08:45:08.2 UTC-06:00,2023-09-29 08:45:08.2 UTC-06:00,1,1.3,,,,-105.5822951,40.04991788,3401.371,14.49,Global CS,
T,ES,TESS5,a,TESS5_a,,,,,subplot,-105.5823504,40.05002047,3401.128,Global,0.01,0.01,0.013,0.014,1.934,m,FIX,2023-09-29 08:45:22.4 UTC-06:00,2023-09-29 08:45:22.4 UTC-06:00,1,1.3,,,,-105.5822951,40.04991788,3401.371,12.452,Global CS,
T,ES,TESS5,b,TESS5_a1,,,,,subplot,-105.5823449,40.05002199,3401.142,Global,0.01,0.01,0.012,0.014,1.934,m,FIX,2023-09-29 08:45:25.2 UTC-06:00,2023-09-29 08:45:25.2 UTC-06:00,1,1.2,,,,-105.5822951,40.04991788,3401.371,12.44,Global CS,
T,ES,TESS5,c,TESS5_a2,,,,,subplot,-105.5823455,40.05001216,3400.877,Global,0.01,0.01,0.013,0.014,1.934,m,FIX,2023-09-29 08:45:28.8 UTC-06:00,2023-09-29 08:45:28.8 UTC-06:00,1,1.2,,,,-105.5822951,40.04991788,3401.371,11.414,Global CS,
T,ES,TESS5,d,TESS5_a3,,,,,subplot,-105.5823399,40.05001363,3400.851,Global,0.01,0.01,0.011,0.014,1.934,m,FIX,2023-09-29 08:45:31.6 UTC-06:00,2023-09-29 08:45:31.6 UTC-06:00,1,1.2,,,,-105.5822951,40.04991788,3401.371,11.393,Global CS,
T,ES,TESS2,a,TESS2_a,,,,,subplot,-105.5823711,40.04999115,3400.486,Global,0.01,0.01,0.01,0.014,1.934,m,FIX,2023-09-29 08:45:48.2 UTC-06:00,2023-09-29 08:45:48.2 UTC-06:00,1,1.2,,,,-105.5822951,40.04991788,3401.371,10.465,Global CS,
T,ES,TESS2,b,TESS2_a1,,,,,subplot,-105.5823654,40.04999304,3400.484,Global,0.01,0.01,0.01,0.014,1.934,m,FIX,2023-09-29 08:45:51.4 UTC-06:00,2023-09-29 08:45:51.4 UTC-06:00,1,1.2,,,,-105.5822951,40.04991788,3401.371,10.335,Global CS,
T,ES,TESS2,c,TESS2_a2,,,,,subplot,-105.5823671,40.049983,3400.328,Global,0.01,0.01,0.011,0.014,1.934,m,FIX,2023-09-29 08:45:54.4 UTC-06:00,2023-09-29 08:45:54.4 UTC-06:00,1,1.3,,,,-105.5822951,40.04991788,3401.371,9.538,Global CS,
T,ES,TESS2,d,TESS2_a3,,,,,subplot,-105.5823614,40.04998453,3400.309,Global,0.01,0.01,0.01,0.014,1.934,m,FIX,2023-09-29 08:45:57.0 UTC-06:00,2023-09-29 08:45:57.0 UTC-06:00,1,1.2,,,,-105.5822951,40.04991788,3401.371,9.362,Global CS,
T,ES,TESS6,a,TESS6_a,,,,,subplot,-105.5823381,40.04997613,3400.201,Global,0.01,0.01,0.01,0.014,1.934,m,FIX,2023-09-29 08:46:14.2 UTC-06:00,2023-09-29 08:46:14.2 UTC-06:00,1,1.2,,,,-105.5822951,40.04991788,3401.371,7.478,Global CS,
T,ES,TESS6,b,TESS6_a1,,,,,subplot,-105.5823325,40.04997806,3400.184,Global,0.01,0.01,0.012,0.014,1.934,m,FIX,2023-09-29 08:46:18.8 UTC-06:00,2023-09-29 08:46:18.8 UTC-06:00,1,1.2,,,,-105.5822951,40.04991788,3401.371,7.447,Global CS,
T,ES,TESS6,c,TESS6_a2,,,,,subplot,-105.5823327,40.04996808,3400.088,Global,0.01,0.01,0.011,0.014,1.934,m,FIX,2023-09-29 08:46:21.8 UTC-06:00,2023-09-29 08:46:21.8 UTC-06:00,1,1.2,,,,-105.5822951,40.04991788,3401.371,6.47,Global CS,
T,ES,TESS6,d,TESS6_a3,,,,,subplot,-105.5823283,40.04996885,3400.004,Global,0.01,0.01,0.01,0.014,1.934,m,FIX,2023-09-29 08:46:24.6 UTC-06:00,2023-09-29 08:46:24.6 UTC-06:00,1,1.2,,,,-105.5822951,40.04991788,3401.371,6.356,Global CS,
T,ES,TESS3,a,TESS3_a,,,,,subplot,-105.582312,40.04986183,3398.02,Global,0.01,0.01,0.01,0.014,1.934,m,FIX,2023-09-29 08:46:47.8 UTC-06:00,2023-09-29 08:46:47.8 UTC-06:00,1,1.2,,,,-105.5822951,40.04991788,3401.371,6.546,Global CS,
T,ES,TESS3,b,TESS3_a1,,,,,subplot,-105.5823061,40.04986322,3398.045,Global,0.01,0.01,0.01,0.014,1.934,m,FIX,2023-09-29 08:46:50.6 UTC-06:00,2023-09-29 08:46:50.6 UTC-06:00,1,1.1,,,,-105.5822951,40.04991788,3401.371,6.299,Global CS,
T,ES,TESS3,c,TESS3_a2,,,,,subplot,-105.5823086,40.04985325,3397.847,Global,0.01,0.01,0.011,0.014,1.934,m,FIX,2023-09-29 08:46:53.8 UTC-06:00,2023-09-29 08:46:53.8 UTC-06:00,1,1.2,,,,-105.5822951,40.04991788,3401.371,7.443,Global CS,
T,ES,TESS3,d,TESS3_a3,,,,,subplot,-105.582303,40.04985457,3397.911,Global,0.01,0.01,0.01,0.014,1.934,m,FIX,2023-09-29 08:46:57.0 UTC-06:00,2023-09-29 08:46:57.0 UTC-06:00,1,1.1,,,,-105.5822951,40.04991788,3401.371,7.228,Global CS,
T,ES,TESS7,a,TESS7_a,,,,,subplot,-105.5822888,40.049863,3398.074,Global,0.01,0.01,0.01,0.014,1.934,m,FIX,2023-09-29 08:47:10.2 UTC-06:00,2023-09-29 08:47:10.2 UTC-06:00,1,1.1,,,,-105.5822951,40.04991788,3401.371,6.27,Global CS,
T,ES,TESS7,b,TESS7_a1,,,,,subplot,-105.582283,40.04986418,3398.072,Global,0.01,0.01,0.01,0.014,1.934,m,FIX,2023-09-29 08:47:13.0 UTC-06:00,2023-09-29 08:47:13.0 UTC-06:00,1,1.1,,,,-105.5822951,40.04991788,3401.371,6.207,Global CS,
T,ES,TESS7,c,TESS7_a2,,,,,subplot,-105.5822853,40.04985447,3397.946,Global,0.01,0.01,0.012,0.014,1.934,m,FIX,2023-09-29 08:47:16.0 UTC-06:00,2023-09-29 08:47:16.0 UTC-06:00,1,1.2,,,,-105.5822951,40.04991788,3401.371,7.249,Global CS,
T,ES,TESS7,d,TESS7_a3,,,,,subplot,-105.5822796,40.04985521,3397.915,Global,0.01,0.01,0.01,0.014,1.934,m,FIX,2023-09-29 08:47:19.0 UTC-06:00,2023-09-29 08:47:19.0 UTC-06:00,1,1.3,,,,-105.5822951,40.04991788,3401.371,7.249,Global CS,
T,ES,TESS4,a,TESS4_a,,,,,subplot,-105.5822636,40.04977351,3396.014,Global,0.01,0.01,0.01,0.014,1.934,m,FIX,2023-09-29 08:47:41.2 UTC-06:00,2023-09-29 08:47:41.2 UTC-06:00,1,1.1,,,,-105.5822951,40.04991788,3401.371,16.62,Global CS,
T,ES,TESS4,b,TESS4_a1,,,,,subplot,-105.5822577,40.04977455,3396.044,Global,0.01,0.01,0.01,0.014,1.934,m,FIX,2023-09-29 08:47:45.4 UTC-06:00,2023-09-29 08:47:45.4 UTC-06:00,1,1.1,,,,-105.5822951,40.04991788,3401.371,16.59,Global CS,
T,ES,TESS4,c,TESS4_a2,,,,,subplot,-105.5822599,40.04976456,3395.73,Global,0.01,0.01,0.01,0.014,1.934,m,FIX,2023-09-29 08:47:48.6 UTC-06:00,2023-09-29 08:47:48.6 UTC-06:00,1,1.3,,,,-105.5822951,40.04991788,3401.371,17.69,Global CS,
T,ES,TESS4,d,TESS4_a3,,,,,subplot,-105.5822543,40.04976581,3395.854,Global,0.01,0.01,0.01,0.014,1.934,m,FIX,2023-09-29 08:47:52.4 UTC-06:00,2023-09-29 08:47:52.4 UTC-06:00,1,1.1,,,,-105.5822951,40.04991788,3401.371,17.618,Global CS,
T,ES,TESS8,a,TESS8_a,,,,,subplot,-105.582245,40.04978256,3396.199,Global,0.01,0.01,0.01,0.014,1.934,m,FIX,2023-09-29 08:48:09.6 UTC-06:00,2023-09-29 08:48:09.6 UTC-06:00,1,1.1,,,,-105.5822951,40.04991788,3401.371,15.963,Global CS,
T,ES,TESS8,b,TESS8_a1,,,,,subplot,-105.5822386,40.04978361,3396.236,Global,0.01,0.01,0.01,0.014,1.934,m,FIX,2023-09-29 08:48:13.0 UTC-06:00,2023-09-29 08:48:13.0 UTC-06:00,1,1.1,,,,-105.5822951,40.04991788,3401.371,16,Global CS,
T,ES,TESS8,c,TESS8_a2,,,,,subplot,-105.5822407,40.04977385,3395.992,Global,0.01,0.01,0.01,0.014,1.934,m,FIX,2023-09-29 08:48:16.2 UTC-06:00,2023-09-29 08:48:16.2 UTC-06:00,1,1.2,,,,-105.5822951,40.04991788,3401.371,17.015,Global CS,
T,ES,TESS8,d,TESS8_a3,,,,,subplot,-105.5822352,40.04977522,3395.883,Global,0.01,0.01,0.01,0.014,1.934,m,FIX,2023-09-29 08:48:20.6 UTC-06:00,2023-09-29 08:48:20.6 UTC-06:00,1,1.1,,,,-105.5822951,40.04991788,3401.371,17.028,Global CS,
T,ES,TEWA,c,TEWA,,,,,itex,-105.5823005,40.05001726,3400.46,Global,0.01,0.01,0.011,0.014,1.934,m,FIX,2023-09-29 08:51:06.8 UTC-06:00,2023-09-29 08:51:06.8 UTC-06:00,1,1.3,,,,-105.5822951,40.04991788,3401.371,11.098,Global CS,
T,ES,TEWA,b,TEWA1,,,,,itex,-105.582296,40.05003049,3400.755,Global,0.01,0.01,0.01,0.014,1.934,m,FIX,2023-09-29 08:51:13.2 UTC-06:00,2023-09-29 08:51:13.2 UTC-06:00,1,1.2,,,,-105.5822951,40.04991788,3401.371,12.581,Global CS,
T,ES,TECA,c,TECA,,,,,itex,-105.582287,40.05002464,3400.431,Global,0.01,0.01,0.011,0.014,1.934,m,FIX,2023-09-29 08:51:39.8 UTC-06:00,2023-09-29 08:51:39.8 UTC-06:00,1,1.2,,,,-105.5822951,40.04991788,3401.371,11.923,Global CS,
T,ES,TECA,b,TECA1,,,,,itex,-105.5822785,40.05003584,3400.795,Global,0.01,0.01,0.016,0.014,1.934,m,FIX,2023-09-29 08:51:45.6 UTC-06:00,2023-09-29 08:51:45.6 UTC-06:00,1,1.6,,,,-105.5822951,40.04991788,3401.371,13.252,Global CS,
T,ES,TEWB,c,TEWB,,,,,itex,-105.5822772,40.04996607,3399.769,Global,0.01,0.01,0.01,0.014,1.934,m,FIX,2023-09-29 08:52:04.2 UTC-06:00,2023-09-29 08:52:04.2 UTC-06:00,1,1.2,,,,-105.5822951,40.04991788,3401.371,5.579,Global CS,
T,ES,TEWB,b,TEWB1,,,,,itex,-105.5822709,40.04997748,3399.969,Global,0.01,0.01,0.011,0.014,1.934,m,FIX,2023-09-29 08:52:11.0 UTC-06:00,2023-09-29 08:52:11.0 UTC-06:00,1,1.2,,,,-105.5822951,40.04991788,3401.371,6.957,Global CS,
T,ES,TECB,c,TECB,,,,,itex,-105.5822626,40.04997275,3399.891,Global,0.01,0.01,0.012,0.014,1.934,m,FIX,2023-09-29 08:52:23.0 UTC-06:00,2023-09-29 08:52:23.0 UTC-06:00,1,1.2,,,,-105.5822951,40.04991788,3401.371,6.713,Global CS,
T,ES,TECB,b,TECB1,,,,,itex,-105.5822549,40.04998256,3399.992,Global,0.01,0.01,0.01,0.014,1.934,m,FIX,2023-09-29 08:52:37.4 UTC-06:00,2023-09-29 08:52:37.4 UTC-06:00,1,1.2,,,,-105.5822951,40.04991788,3401.371,7.982,Global CS,
T,ES,TEWC,c,TEWC,,,,,itex,-105.5822342,40.04985753,3397.725,Global,0.01,0.01,0.013,0.014,1.934,m,FIX,2023-09-29 08:53:04.6 UTC-06:00,2023-09-29 08:53:04.6 UTC-06:00,1,1.4,,,,-105.5822951,40.04991788,3401.371,8.656,Global CS,
T,ES,TEWC,b,TEWC1,,,,,itex,-105.5822306,40.04986844,3397.967,Global,0.01,0.01,0.013,0.014,1.934,m,FIX,2023-09-29 08:53:09.6 UTC-06:00,2023-09-29 08:53:09.6 UTC-06:00,1,1.2,,,,-105.5822951,40.04991788,3401.371,7.913,Global CS,
T,ES,TECC,c,TECC,,,,,itex,-105.5822211,40.0498628,3397.677,Global,0.01,0.01,0.01,0.014,1.934,m,FIX,2023-09-29 08:54:02.6 UTC-06:00,2023-09-29 08:54:02.6 UTC-06:00,1,1.5,,,,-105.5822951,40.04991788,3401.371,8.972,Global CS,
T,ES,TECC,b,TECC1,,,,,itex,-105.5822151,40.04987361,3397.933,Global,0.01,0.01,0.011,0.014,1.934,m,FIX,2023-09-29 08:55:05.6 UTC-06:00,2023-09-29 08:55:05.6 UTC-06:00,1,1.5,,,,-105.5822951,40.04991788,3401.371,8.548,Global CS,
,,,,,,,,,,,,,,,,,,,,,,,,,,,,,,,,,
T,CO,TCO,a,TCO1,,,,,plot,-105.58253,40.05002186,3404.492,Global,0.013,0.01,0.021,0.016,1.934,m,FIX,2023-09-29 08:55:46.6 UTC-06:00,2023-09-29 08:55:46.6 UTC-06:00,1,2.3,,,,-105.5822951,40.04991788,3401.371,23.692,Global CS,
T,CO,TCO,b,,,,,,plot,,,,,,,,,,,,,,,,,,,,,,,,could not find marker
T,CO,TCO,c,TCO3,,,,,plot,-105.5823969,40.04968668,3395.65,Global,0.01,0.01,0.01,0.014,1.934,m,FIX,2023-09-29 09:00:36.0 UTC-06:00,2023-09-29 09:00:36.0 UTC-06:00,1,1.6,,,,-105.5822951,40.04991788,3401.371,27.378,Global CS,
T,CO,TCO,d,TCO4,,,,,plot,-105.5822887,40.04972067,3395.103,Global,0.01,0.01,0.011,0.014,1.934,m,FIX,2023-09-29 09:00:46.4 UTC-06:00,2023-09-29 09:00:46.4 UTC-06:00,1,1.5,,,,-105.5822951,40.04991788,3401.371,22.34,Global CS,
T,CO,TCOT1,bottom,TCOT1,,,,,transect,-105.5823821,40.0496927,3395.508,Global,0.01,0.01,0.01,0.014,1.934,m,FIX,2023-09-29 09:01:00.8 UTC-06:00,2023-09-29 09:01:00.8 UTC-06:00,1,1.4,,,,-105.5822951,40.04991788,3401.371,26.389,Global CS,
T,CO,TCOT2,bottom,TCOT2,,,,,transect,-105.5823603,40.04969952,3395.221,Global,0.01,0.01,0.01,0.014,1.934,m,FIX,2023-09-29 09:01:06.0 UTC-06:00,2023-09-29 09:01:06.0 UTC-06:00,1,1.4,,,,-105.5822951,40.04991788,3401.371,25.242,Global CS,
T,CO,TCOT1,top,TCOT1_top,,,,,transect,-105.5825152,40.05002609,3404.335,Global,0.01,0.01,0.023,0.014,1.934,m,FIX,2023-09-29 08:56:19.8 UTC-06:00,2023-09-29 08:56:19.8 UTC-06:00,1,1.6,,,,-105.5822951,40.04991788,3401.371,22.838,Global CS,
T,CO,TCOT2,top,TCOT2_top,,,,,transect,-105.582493,40.05003246,3404.408,Global,0.01,0.01,0.015,0.014,1.934,m,FIX,2023-09-29 08:56:34.0 UTC-06:00,2023-09-29 08:56:34.0 UTC-06:00,1,1.6,,,,-105.5822951,40.04991788,3401.371,21.731,Global CS,
T,CO,TCO_soil,8,TCO_soil4,,,,,soil,-105.5823706,40.04974645,3396.297,Global,0.01,0.01,0.013,0.014,1.934,m,FIX,2023-09-29 09:01:28.8 UTC-06:00,2023-09-29 09:01:28.8 UTC-06:00,1,1.6,,,,-105.5822951,40.04991788,3401.371,20.35,Global CS,
T,CO,TCO_soil,7,TCO_soil3,,,,,soil,-105.582397,40.04984289,3398.377,Global,0.01,0.01,0.01,0.014,1.934,m,FIX,2023-09-29 09:01:48.6 UTC-06:00,2023-09-29 09:01:48.6 UTC-06:00,1,1.6,,,,-105.5822951,40.04991788,3401.371,12.089,Global CS,
T,CO,TCO_soil,6,TCO_soil2,,,,,soil,-105.5824256,40.04989911,3399.752,Global,0.01,0.01,0.01,0.014,1.934,m,FIX,2023-09-29 09:02:04.2 UTC-06:00,2023-09-29 09:02:04.2 UTC-06:00,1,1.6,,,,-105.5822951,40.04991788,3401.371,11.342,Global CS,
T,CO,TCO_soil,5,TCO_soil1,,,,,soil,-105.5824407,40.04993953,3400.498,Global,0.01,0.01,0.01,0.014,1.934,m,FIX,2023-09-29 09:02:15.2 UTC-06:00,2023-09-29 09:02:15.2 UTC-06:00,1,1.7,,,,-105.5822951,40.04991788,3401.371,12.707,Global CS,
T,CO,TCOS1,a,TCOS1_a,,,,,subplot,-105.5825013,40.04997246,3402.523,Global,0.01,0.01,0.012,0.014,1.934,m,FIX,2023-09-29 08:56:56.8 UTC-06:00,2023-09-29 08:56:56.8 UTC-06:00,1,1.8,,,,-105.5822951,40.04991788,3401.371,18.87,Global CS,
T,CO,TCOS1,b,TCOS1_a1,,,,,subplot,-105.5824957,40.0499741,3402.433,Global,0.01,0.01,0.011,0.014,1.934,m,FIX,2023-09-29 08:56:59.8 UTC-06:00,2023-09-29 08:56:59.8 UTC-06:00,1,1.6,,,,-105.5822951,40.04991788,3401.371,18.474,Global CS,
T,CO,TCOS1,c,TCOS1_a2,,,,,subplot,-105.5824973,40.04996449,3402.072,Global,0.01,0.01,0.016,0.014,1.934,m,FIX,2023-09-29 08:57:04.4 UTC-06:00,2023-09-29 08:57:04.4 UTC-06:00,1,1.8,,,,-105.5822951,40.04991788,3401.371,18.212,Global CS,
T,CO,TCOS1,d,TCOS1_a3,,,,,subplot,-105.5824922,40.04996607,3401.986,Global,0.01,0.01,0.012,0.014,1.934,m,FIX,2023-09-29 08:57:07.4 UTC-06:00,2023-09-29 08:57:07.4 UTC-06:00,1,1.6,,,,-105.5822951,40.04991788,3401.371,17.845,Global CS,
T,CO,TCOS5,a,TCOS5_a,,,,,subplot,-105.5824542,40.04994364,3400.705,Global,0.01,0.01,0.01,0.014,1.934,m,FIX,2023-09-29 08:57:24.0 UTC-06:00,2023-09-29 08:57:24.0 UTC-06:00,1,1.8,,,,-105.5822951,40.04991788,3401.371,13.941,Global CS,
T,CO,TCOS5,b,TCOS5_a1,,,,,subplot,-105.5824488,40.0499453,3400.652,Global,0.01,0.01,0.01,0.014,1.934,m,FIX,2023-09-29 08:57:26.8 UTC-06:00,2023-09-29 08:57:26.8 UTC-06:00,1,1.6,,,,-105.5822951,40.04991788,3401.371,13.522,Global CS,
T,CO,TCOS5,c,TCOS5_a2,,,,,subplot,-105.5824505,40.04993494,3400.548,Global,0.01,0.01,0.012,0.014,1.934,m,FIX,2023-09-29 08:57:29.8 UTC-06:00,2023-09-29 08:57:29.8 UTC-06:00,1,1.6,,,,-105.5822951,40.04991788,3401.371,13.451,Global CS,
T,CO,TCOS5,d,TCOS5_a3,,,,,subplot,-105.5824447,40.04993643,3400.509,Global,0.01,0.01,0.014,0.014,1.934,m,FIX,2023-09-29 08:57:33.0 UTC-06:00,2023-09-29 08:57:33.0 UTC-06:00,1,1.8,,,,-105.5822951,40.04991788,3401.371,12.978,Global CS,
T,CO,TCOS2,a,TCOS2_a,,,,,subplot,-105.5824761,40.04991016,3400.308,Global,0.01,0.01,0.01,0.014,1.934,m,FIX,2023-09-29 08:57:50.4 UTC-06:00,2023-09-29 08:57:50.4 UTC-06:00,1,1.6,,,,-105.5822951,40.04991788,3401.371,15.498,Global CS,
T,CO,TCOS2,b,TCOS2_a1,,,,,subplot,-105.5824702,40.04991117,3400.277,Global,0.01,0.01,0.01,0.014,1.934,m,FIX,2023-09-29 08:57:53.0 UTC-06:00,2023-09-29 08:57:53.0 UTC-06:00,1,1.6,,,,-105.5822951,40.04991788,3401.371,14.989,Global CS,
T,CO,TCOS2,c,TCOS2_a2,,,,,subplot,-105.582473,40.04990129,3400.063,Global,0.01,0.01,0.01,0.014,1.934,m,FIX,2023-09-29 08:57:56.2 UTC-06:00,2023-09-29 08:57:56.2 UTC-06:00,1,1.8,,,,-105.5822951,40.04991788,3401.371,15.31,Global CS,
T,CO,TCOS2,d,TCOS2_a3,,,,,subplot,-105.582467,40.04990218,3400.041,Global,0.01,0.01,0.01,0.014,1.934,m,FIX,2023-09-29 08:58:01.0 UTC-06:00,2023-09-29 08:58:01.0 UTC-06:00,1,1.6,,,,-105.5822951,40.04991788,3401.371,14.79,Global CS,
T,CO,TCOS3,a,TCOS3_a,,,,,subplot,-105.5824695,40.04988057,3399.725,Global,0.01,0.01,0.01,0.014,1.934,m,FIX,2023-09-29 08:58:16.0 UTC-06:00,2023-09-29 08:58:16.0 UTC-06:00,1,1.5,,,,-105.5822951,40.04991788,3401.371,15.462,Global CS,
T,CO,TCOS3,b,TCOS3_a1,,,,,subplot,-105.5824637,40.0498817,3399.643,Global,0.01,0.01,0.01,0.014,1.934,m,FIX,2023-09-29 08:58:18.6 UTC-06:00,2023-09-29 08:58:18.6 UTC-06:00,1,1.6,,,,-105.5822951,40.04991788,3401.371,14.95,Global CS,
T,CO,TCOS3,c,TCOS3_a2,,,,,subplot,-105.5824663,40.04987164,3399.552,Global,0.01,0.01,0.01,0.014,1.934,m,FIX,2023-09-29 08:58:21.6 UTC-06:00,2023-09-29 08:58:21.6 UTC-06:00,1,1.6,,,,-105.5822951,40.04991788,3401.371,15.495,Global CS,
T,CO,TCOS3,d,TCOS3_a3,,,,,subplot,-105.5824607,40.04987302,3399.504,Global,0.01,0.01,0.01,0.014,1.934,m,FIX,2023-09-29 08:58:24.2 UTC-06:00,2023-09-29 08:58:24.2 UTC-06:00,1,1.8,,,,-105.5822951,40.04991788,3401.371,14.994,Global CS,
T,CO,TCOS6,a,TCOS6_a,,,,,subplot,-105.5824291,40.04992224,3400.204,Global,0.01,0.01,0.014,0.014,1.934,m,FIX,2023-09-29 08:58:44.2 UTC-06:00,2023-09-29 08:58:44.2 UTC-06:00,1,1.5,,,,-105.5822951,40.04991788,3401.371,11.475,Global CS,
T,CO,TCOS6,b,TCOS6_a1,,,,,subplot,-105.5824231,40.04992416,3400.167,Global,0.01,0.01,0.01,0.014,1.934,m,FIX,2023-09-29 08:58:47.0 UTC-06:00,2023-09-29 08:58:47.0 UTC-06:00,1,1.6,,,,-105.5822951,40.04991788,3401.371,10.975,Global CS,
T,CO,TCOS6,c,TCOS6_a2,,,,,subplot,-105.5824236,40.04991388,3400.029,Global,0.01,0.01,0.011,0.014,1.934,m,FIX,2023-09-29 08:58:50.0 UTC-06:00,2023-09-29 08:58:50.0 UTC-06:00,1,1.6,,,,-105.5822951,40.04991788,3401.371,10.998,Global CS,
T,CO,TCOS6,d,TCOS6_a3,,,,,subplot,-105.5824184,40.04991543,3400.038,Global,0.01,0.01,0.01,0.014,1.934,m,FIX,2023-09-29 08:58:52.8 UTC-06:00,2023-09-29 08:58:52.8 UTC-06:00,1,1.6,,,,-105.5822951,40.04991788,3401.371,10.544,Global CS,
T,CO,TCOS7,a,TCOS7_a,,,,,subplot,-105.5824114,40.04984485,3398.627,Global,0.01,0.01,0.01,0.014,1.934,m,FIX,2023-09-29 08:59:13.4 UTC-06:00,2023-09-29 08:59:13.4 UTC-06:00,1,1.5,,,,-105.5822951,40.04991788,3401.371,12.85,Global CS,
T,CO,TCOS7,b,TCOS7_a1,,,,,subplot,-105.5824054,40.04984656,3398.591,Global,0.01,0.01,0.01,0.014,1.934,m,FIX,2023-09-29 08:59:16.0 UTC-06:00,2023-09-29 08:59:16.0 UTC-06:00,1,1.5,,,,-105.5822951,40.04991788,3401.371,12.337,Global CS,
T,CO,TCOS7,c,TCOS7_a2,,,,,subplot,-105.5824072,40.04983632,3398.424,Global,0.01,0.01,0.011,0.014,1.934,m,FIX,2023-09-29 08:59:19.2 UTC-06:00,2023-09-29 08:59:19.2 UTC-06:00,1,1.6,,,,-105.5822951,40.04991788,3401.371,13.217,Global CS,
T,CO,TCOS7,d,TCOS7_a3,,,,,subplot,-105.5824015,40.04983807,3398.414,Global,0.01,0.01,0.013,0.014,1.934,m,FIX,2023-09-29 08:59:22.0 UTC-06:00,2023-09-29 08:59:22.0 UTC-06:00,1,1.6,,,,-105.5822951,40.04991788,3401.371,12.737,Global CS,
T,CO,TCOS4,a,TCOS4_a,,,,,subplot,-105.5824028,40.04974697,3396.554,Global,0.01,0.01,0.01,0.014,1.934,m,FIX,2023-09-29 08:59:48.0 UTC-06:00,2023-09-29 08:59:48.0 UTC-06:00,1,1.5,,,,-105.5822951,40.04991788,3401.371,21.292,Global CS,
T,CO,TCOS4,b,TCOS4_a1,,,,,subplot,-105.5823971,40.04974849,3396.505,Global,0.01,0.01,0.01,0.014,1.934,m,FIX,2023-09-29 08:59:50.6 UTC-06:00,2023-09-29 08:59:50.6 UTC-06:00,1,1.5,,,,-105.5822951,40.04991788,3401.371,20.942,Global CS,
T,CO,TCOS4,c,TCOS4_a2,,,,,subplot,-105.5823986,40.04973807,3396.433,Global,0.01,0.01,0.012,0.014,1.934,m,FIX,2023-09-29 08:59:53.4 UTC-06:00,2023-09-29 08:59:53.4 UTC-06:00,1,1.6,,,,-105.5822951,40.04991788,3401.371,22.047,Global CS,
T,CO,TCOS4,d,TCOS4_a3,,,,,subplot,-105.5823921,40.04973931,3396.407,Global,0.01,0.01,0.01,0.014,1.934,m,FIX,2023-09-29 08:59:57.2 UTC-06:00,2023-09-29 08:59:57.2 UTC-06:00,1,1.6,,,,-105.5822951,40.04991788,3401.371,21.711,Global CS,
T,CO,TCOS8,a,TCOS8_a,,,,,subplot,-105.5823651,40.04971177,3395.628,Global,0.01,0.01,0.01,0.014,1.934,m,FIX,2023-09-29 09:00:13.2 UTC-06:00,2023-09-29 09:00:13.2 UTC-06:00,1,1.6,,,,-105.5822951,40.04991788,3401.371,23.97,Global CS,
T,CO,TCOS8,b,TCOS8_a1,,,,,subplot,-105.5823589,40.04971329,3395.568,Global,0.01,0.01,0.01,0.014,1.934,m,FIX,2023-09-29 09:00:16.0 UTC-06:00,2023-09-29 09:00:16.0 UTC-06:00,1,1.5,,,,-105.5822951,40.04991788,3401.371,23.69,Global CS,
T,CO,TCOS8,c,TCOS8_a2,,,,,subplot,-105.5823612,40.04970316,3395.391,Global,0.01,0.01,0.016,0.014,1.934,m,FIX,2023-09-29 09:00:19.2 UTC-06:00,2023-09-29 09:00:19.2 UTC-06:00,1,1.6,,,,-105.5822951,40.04991788,3401.371,24.844,Global CS,
T,CO,TCOS8,d,TCOS8_a3,,,,,subplot,-105.5823553,40.04970489,3395.381,Global,0.01,0.01,0.01,0.014,1.934,m,FIX,2023-09-29 09:00:23.4 UTC-06:00,2023-09-29 09:00:23.4 UTC-06:00,1,1.6,,,,-105.5822951,40.04991788,3401.371,24.551,Global CS,
T,CO,TCWA,c,TCWA,,,,,itex,-105.5824161,40.04996362,3400.398,Global,0.01,0.01,0.01,0.014,1.934,m,FIX,2023-09-29 09:02:33.2 UTC-06:00,2023-09-29 09:02:33.2 UTC-06:00,1,1.5,,,,-105.5822951,40.04991788,3401.371,11.551,Global CS,
T,CO,TCWA,b,TCWA1,,,,,itex,-105.5824125,40.04997584,3400.525,Global,0.01,0.01,0.01,0.014,1.934,m,FIX,2023-09-29 09:02:38.2 UTC-06:00,2023-09-29 09:02:38.2 UTC-06:00,1,1.5,,,,-105.5822951,40.04991788,3401.371,11.964,Global CS,
T,CO,TCCA,c,TCCA,,,,,itex,-105.5824037,40.0499673,3400.395,Global,0.01,0.01,0.01,0.014,1.934,m,FIX,2023-09-29 09:02:50.4 UTC-06:00,2023-09-29 09:02:50.4 UTC-06:00,1,1.5,,,,-105.5822951,40.04991788,3401.371,10.82,Global CS,
T,CO,TCCA,b,TCCA1,,,,,itex,-105.5823958,40.04997934,3400.484,Global,0.01,0.01,0.01,0.014,1.934,m,FIX,2023-09-29 09:03:04.4 UTC-06:00,2023-09-29 09:03:04.4 UTC-06:00,1,1.5,,,,-105.5822951,40.04991788,3401.371,11.026,Global CS,
T,CO,TCWB,c,TCWB,,,,,itex,-105.5823854,40.04987223,3398.944,Global,0.01,0.01,0.014,0.014,1.934,m,FIX,2023-09-29 09:03:36.4 UTC-06:00,2023-09-29 09:03:36.4 UTC-06:00,1,1.3,,,,-105.5822951,40.04991788,3401.371,9.24,Global CS,
T,CO,TCWB,b,TCWB1,,,,,itex,-105.5823775,40.0498834,3399.197,Global,0.01,0.01,0.01,0.014,1.934,m,FIX,2023-09-29 09:03:43.2 UTC-06:00,2023-09-29 09:03:43.2 UTC-06:00,1,1.3,,,,-105.5822951,40.04991788,3401.371,8.012,Global CS,
T,CO,TCCB,c,TCCB,,,,,itex,-105.5823693,40.04987648,3398.9,Global,0.01,0.01,0.015,0.014,1.934,m,FIX,2023-09-29 09:03:54.2 UTC-06:00,2023-09-29 09:03:54.2 UTC-06:00,1,1.3,,,,-105.5822951,40.04991788,3401.371,7.849,Global CS,
T,CO,TCCB,b,TCCB1,,,,,itex,-105.5823627,40.04988761,3399.184,Global,0.01,0.01,0.01,0.014,1.934,m,FIX,2023-09-29 09:04:16.8 UTC-06:00,2023-09-29 09:04:16.8 UTC-06:00,1,1.3,,,,-105.5822951,40.04991788,3401.371,6.686,Global CS,
T,CO,TCWC,c,TCWC,,,,,itex,-105.5823434,40.04978182,3396.898,Global,0.01,0.01,0.01,0.014,1.934,m,FIX,2023-09-29 09:04:39.6 UTC-06:00,2023-09-29 09:04:39.6 UTC-06:00,1,1.5,,,,-105.5822951,40.04991788,3401.371,15.871,Global CS,
T,CO,TCWC,b,TCWC1,,,,,itex,-105.5823383,40.04979428,3397.042,Global,0.01,0.01,0.01,0.014,1.934,m,FIX,2023-09-29 09:04:47.6 UTC-06:00,2023-09-29 09:04:47.6 UTC-06:00,1,1.5,,,,-105.5822951,40.04991788,3401.371,14.419,Global CS,
T,CO,TCCC,b,TCCC1,,,,,itex,-105.5823207,40.04979984,3396.983,Global,0.01,0.01,0.01,0.014,1.934,m,FIX,2023-09-29 09:05:47.6 UTC-06:00,2023-09-29 09:05:47.6 UTC-06:00,1,1.3,,,,-105.5822951,40.04991788,3401.371,13.518,Global CS,
T,CO,TCCC,c,TCCC,,,,,itex,-105.5823265,40.0497889,3396.855,Global,0.01,0.01,0.013,0.014,1.934,m,FIX,2023-09-29 09:06:39.2 UTC-06:00,2023-09-29 09:06:39.2 UTC-06:00,1,1.4,,,,-105.5822951,40.04991788,3401.371,14.804,Global CS,